Ord.Date & Time,Exch.,Symbol,Action,Ord. Qty,Discl. Qty,Exec. Qty,Ord. Price,Trigger Price,Book Type,Sett. Type,Terminal Id,Order Type,Source,Product,Status,Reason,Ref. No.,Exch. Order No.,BasketId/SIP REF. No.
3/30/2026 13:59,NSE,SPANDANAEQ,BUY,3,0,3,186,0,Reg. Lot,---,6290645,LIMIT,MOBILE,Cash,Confirmed Trade,---,26033000368318,1300000087474970,0
3/30/2026 13:24,NSE,ITCEQ,BUY,2,0,2,290,0,Reg. Lot,---,6290645,LIMIT,MOBILE,Cash,Confirmed Trade,---,26033000336339,1100000087464720,0
5/29/2026 14:47,NSE,NEULANDLABEQ,BUY,2,0,2,17136,0,Reg. Lot,---,6290645,LIMIT,MOBILE,CnC-Intraday,Confirmed Trade,---,26052900377853,1200000088701630,0
5/29/2026 9:37,NSE,NEULANDLABEQ,SELL,2,0,2,17029,0,Reg. Lot,---,6290645,LIMIT,MOBILE,CnC-Intraday,Confirmed Trade,---,26052900084704,1200000011421190,0
5/27/2026 11:26,NSE,NEULANDLABEQ,SELL,2,0,0,17280,0,Reg. Lot,---,6290645,LIMIT,MOBILE,CnC-Intraday,Cancelled Order,---,26052700102283,1200000012401000,0
5/27/2026 9:40,NSE,ITCEQ,BUY,5,0,5,293.5,0,Reg. Lot,---,6290645,LIMIT,MOBILE,Cash,Confirmed Trade,---,26052700081113,1100000013150200,0
5/27/2026 9:39,NSE,ITCEQ,BUY,5,0,5,293.5,0,Reg. Lot,---,6290645,LIMIT,MOBILE,Cash,Confirmed Trade,---,26052700080880,1100000013079880,0
3/27/2026 17:26,NSE,TMPVEQ,BUY,3,0,0,301,0,Reg. Lot,---,6290645,LIMIT,MOBILE,Cash,Expired Order,---,26032700249407,1300000057615060,0
1/27/2026 17:37,NSE,PARADEEPEQ,BUY,5,0,0,125,0,Reg. Lot,---,6290645,LIMIT,MOBILE,Cash,Expired Order,---,26012700348442,1200000060882960,0
1/27/2026 14:50,BSE,ITCEQ,BUY,5,0,5,318,0,Reg. Lot,---,6290645,LIMIT,MOBILE,Cash,Confirmed Trade,---,26012700415404,1.76950325561402E+018,0
1/27/2026 12:50,NSE,BAJFINANCEEQ,BUY,45,0,45,914,0,Reg. Lot,---,6290645,LIMIT,MOBILE,E-Margin,Confirmed Trade,---,26012700346008,1000000057145950,0
2/26/2026 17:25,NSE,PARADEEPEQ,BUY,10,0,0,114,0,Reg. Lot,---,6290645,LIMIT,MOBILE,Cash,Expired Order,---,26022600049750,1200000005890760,0
5/25/2026 14:27,NSE,ITCEQ,SELL,1,0,0,300,300.1,Stop Loss,---,6290645,LIMIT,MOBILE,CnC-Intraday,Cancelled Order,---,26052500354034,1100000078625780,0
5/25/2026 14:25,NSE,ITCEQ,SELL,1,0,0,300,300.5,Stop Loss,---,6290645,LIMIT,MOBILE,CnC-Intraday,Cancelled Order,---,26052500353140,1100000078331600,0
5/25/2026 14:24,NSE,ITCEQ,BUY,1,0,1,303.1,0,Reg. Lot,---,6290645,MKT,MOBILE,Cash,Confirmed Trade,---,26052500352701,1100000078158650,0
6/25/2026 15:13,BSE,GOLDBEESEQ,BUY,3,0,3,114.7,0,Reg. Lot,---,6290645,LIMIT,MOBILE,Cash,Confirmed Trade,---,26062500097307,1.78235910001174E+018,0
6/24/2026 13:41,NSE,NEULANDLABEQ,BUY,2,0,2,18150,0,Reg. Lot,---,6290645,LIMIT,MOBILE,CnC-Intraday,Confirmed Trade,---,26062400314327,1200000068847500,0
6/24/2026 12:00,NSE,WIPROEQ,BUY,5,0,5,172,0,Reg. Lot,---,6290645,LIMIT,MOBILE,Cash,Confirmed Trade,---,26062400236892,1300000051333340,0
6/24/2026 9:33,NSE,NEULANDLABEQ,SELL,2,0,2,18610,0,Reg. Lot,---,6290645,LIMIT,MOBILE,CnC-Intraday,Confirmed Trade,---,26062400058396,1200000009236780,0
3/23/2026 15:26,BSE,PARADEEPEQ,BUY,10,0,10,106,0,Reg. Lot,---,6290645,LIMIT,MOBILE,Cash,Confirmed Trade,---,26032300460002,1.77425732421579E+018,0
3/23/2026 13:54,NSE,SPANDANAEQ,BUY,3,0,3,198,0,Reg. Lot,---,6290645,LIMIT,MOBILE,Cash,Confirmed Trade,---,26032300373640,1300000103374980,0
3/23/2026 11:35,BSE,ITCEQ,BUY,3,0,3,292,0,Reg. Lot,---,6290645,LIMIT,MOBILE,Cash,Confirmed Trade,---,26032300199754,1.77423988266165E+018,0
3/23/2026 11:35,BSE,ITCEQ,BUY,3,0,3,292,0,Reg. Lot,---,6290645,LIMIT,MOBILE,Cash,Confirmed Trade,---,26032300199613,1.77423988266165E+018,0
3/23/2026 10:40,NSE,GODFRYPHLPEQ,BUY,2,0,2,1900,0,Reg. Lot,---,6290645,LIMIT,MOBILE,Cash,Confirmed Trade,---,26032300197404,1100000042288690,0
6/23/2026 12:13,NSE,GOLDBEESEQ,BUY,3,0,3,118.75,0,Reg. Lot,---,6290645,LIMIT,MOBILE,Cash,Confirmed Trade,---,26062300297807,1100000054521230,0
6/23/2026 12:06,NSE,WIPROEQ,BUY,5,0,5,175,0,Reg. Lot,---,6290645,LIMIT,MOBILE,Cash,Confirmed Trade,---,26062300289493,1300000047158600,0
2/23/2026 14:23,NSE,KALYANKJILEQ,SELL,20,0,20,403.6,0,Reg. Lot,---,6290645,LIMIT,MOBILE,E-Margin,Confirmed Trade,---,26022300368360,1200000070482840,0
4/22/2026 15:00,BSE,NEULANDLABEQ,BUY,2,0,2,15100,0,Reg. Lot,---,6290645,LIMIT,MOBILE,CnC-Intraday,Confirmed Trade,---,26042200380675,1.7768459180858E+018,0
4/22/2026 11:23,BSE,NEULANDLABEQ,SELL,2,0,2,14815,0,Reg. Lot,---,6290645,LIMIT,MOBILE,CnC-Intraday,Confirmed Trade,---,26042200118606,1.77683042636486E+018,0
1/21/2026 16:29,NSE,ITCEQ,BUY,2,0,0,324,0,Reg. Lot,---,6290645,LIMIT,MOBILE,Cash,Expired Order,Exch Cancelled Batch Order,26012100289291,1100000066022140,0
1/21/2026 15:05,BSE,KALYANKJILEQ,BUY,20,0,20,398,0,Reg. Lot,---,6290645,LIMIT,MOBILE,E-Margin,Confirmed Trade,---,26012100416616,1.76898598400143E+018,0
1/21/2026 14:12,NSE,CIPLAEQ,BUY,2,0,2,1366,0,Reg. Lot,---,6290645,LIMIT,MOBILE,Cash,Confirmed Trade,---,26012100381287,1000000069045160,0
1/21/2026 11:07,BSE,SPANDANAEQ,BUY,5,0,5,227,0,Reg. Lot,---,6290645,LIMIT,MOBILE,Cash,Confirmed Trade,---,26012100203677,1.76897320110907E+018,0
1/21/2026 11:00,NSE,KALYANKJILEQ,BUY,5,0,5,406.35,0,Reg. Lot,---,6290645,LIMIT,MOBILE,Cash,Confirmed Trade,---,26012100197516,1200000037698650,0
5/19/2026 16:34,NSE,TMCVEQ,BUY,2,0,0,372,0,Reg. Lot,---,6290645,LIMIT,MOBILE,Cash,Expired Order,Exch Cancelled Batch Order,26051900234181,1300000051110870,0
3/19/2026 13:12,BSE,ITCEQ,BUY,2,0,2,299.7,0,Reg. Lot,---,6290645,LIMIT,MOBILE,Cash,Confirmed Trade,---,26031900274166,1.77390469195111E+018,0
3/19/2026 11:24,NSE,TCSEQ,BUY,2,0,2,2385,0,Reg. Lot,---,6290645,LIMIT,MOBILE,Cash,Confirmed Trade,---,26031900196288,1300000039956580,0
3/19/2026 11:21,NSE,CIPLAEQ,BUY,3,0,3,1250,0,Reg. Lot,---,6290645,LIMIT,MOBILE,Cash,Confirmed Trade,---,26031900194136,1000000035282200,0
6/19/2026 16:31,NSE,WIPROEQ,BUY,6,0,0,175,0,Reg. Lot,---,6290645,LIMIT,MOBILE,Cash,Expired Order,Exch Cancelled Batch Order,26061900125460,1300000017664300,0
6/19/2026 11:50,NSE,BPCLEQ,BUY,10,0,10,308,0,Reg. Lot,---,6290645,LIMIT,MOBILE,Cash,Confirmed Trade,---,26061900245588,1000000033045770,0
6/19/2026 9:50,NSE,GOLDBEESEQ,BUY,5,0,5,119,0,Reg. Lot,---,6290645,LIMIT,MOBILE,Cash,Confirmed Trade,---,26061900103379,1100000017703640,0
1/19/2026 15:15,BSE,DRREDDYEQ,BUY,3,0,3,1166,0,Reg. Lot,---,6290645,LIMIT,MOBILE,Cash,Confirmed Trade,---,26011900233563,1.76879904269194E+018,0
1/19/2026 12:56,NSE,SPANDANAEQ,BUY,3,0,3,236,0,Reg. Lot,---,6290645,LIMIT,MOBILE,Cash,Confirmed Trade,---,26011900311790,1300000048972410,0
1/19/2026 12:07,BSE,PARADEEPEQ,BUY,5,0,5,137,0,Reg. Lot,---,6290645,LIMIT,MOBILE,Cash,Confirmed Trade,---,26011900228016,1.76879819341377E+018,0
1/19/2026 11:15,BSE,CIPLAEQ,BUY,2,0,2,1380,0,Reg. Lot,---,6290645,LIMIT,MOBILE,Cash,Confirmed Trade,---,26011900229042,1.76879867822085E+018,0
6/17/2026 12:21,NSE,TMPVEQ,BUY,1,0,1,383,0,Reg. Lot,---,6290645,LIMIT,MOBILE,Cash,Confirmed Trade,---,26061700255451,1300000048186460,0
2/17/2026 15:23,NSE,BAJFINANCEEQ,SELL,45,0,45,1015,0,Reg. Lot,---,6290645,LIMIT,MOBILE,E-Margin,Confirmed Trade,---,26021700428756,1000000062289900,0
1/16/2026 17:33,BSE,CIPLAEQ,BUY,1,1,0,1395,0,Reg. Lot,---,6290645,LIMIT,MOBILE,Cash,Expired Order,,26011600417254,1.76855413044913E+018,0
1/16/2026 14:37,NSE,ITCEQ,BUY,3,0,3,329.8,0,Reg. Lot,---,6290645,LIMIT,MOBILE,Cash,Confirmed Trade,---,26011600414077,1100000070747260,0
1/16/2026 12:12,BSE,PARADEEPEQ,BUY,5,0,5,143,0,Reg. Lot,---,6290645,LIMIT,MOBILE,Cash,Confirmed Trade,---,26011600259360,1.76854155481426E+018,0
5/15/2026 11:38,NSE,CDSLEQ,BUY,2,0,2,1190,0,Reg. Lot,---,6290645,LIMIT,MOBILE,Cash,Confirmed Trade,---,26051500246088,1000000040455370,0
1/14/2026 15:00,NSE,POLYCABEQ,SELL,6,0,6,7340.5,0,Reg. Lot,---,6290645,LIMIT,MOBILE,CnC-Intraday,Confirmed Trade,---,26011400389209,1200000067252840,0
1/14/2026 12:35,NSE,POLYCABEQ,BUY,1,0,1,7377,0,Reg. Lot,---,6290645,LIMIT,MOBILE,CnC-Intraday,Confirmed Trade,---,26011400261462,1200000042347340,0
1/14/2026 11:57,NSE,CIPLAEQ,BUY,1,0,1,1434,0,Reg. Lot,---,6290645,LIMIT,MOBILE,Cash,Confirmed Trade,---,26011400229035,1000000027942090,0
1/14/2026 9:34,NSE,POLYCABEQ,BUY,5,0,5,7410.5,0,Reg. Lot,---,6290645,LIMIT,MOBILE,CnC-Intraday,Confirmed Trade,---,26011400052566,1200000007240050,0
5/13/2026 14:04,NSE,TMCVEQ,BUY,2,0,2,385.7,0,Reg. Lot,---,6290645,LIMIT,MOBILE,Cash,Confirmed Trade,---,26051300359603,1300000084639260,0
3/13/2026 11:57,BSE,SPANDANAEQ,BUY,3,0,3,223,0,Reg. Lot,---,6290645,LIMIT,MOBILE,Cash,Confirmed Trade,---,26031300160957,1.77337260023298E+018,0
3/13/2026 11:14,BSE,KNRCONEQ,BUY,3,0,3,122,0,Reg. Lot,---,6290645,LIMIT,MOBILE,Cash,Confirmed Trade,---,26031300147807,1.77337728957026E+018,0
3/13/2026 10:31,NSE,ITCEQ,BUY,2,0,2,304,0,Reg. Lot,---,6290645,LIMIT,MOBILE,Cash,Confirmed Trade,---,26031300152949,1100000029969940,0
1/13/2026 14:08,NSE,GODFRYPHLPEQ,BUY,5,0,5,2200,0,Reg. Lot,---,6290645,LIMIT,MOBILE,CnC-Intraday,Confirmed Trade,---,26011300354903,1100000065940720,0
1/13/2026 10:23,NSE,TMPVEQ,BUY,2,0,2,348.15,0,Reg. Lot,---,6290645,LIMIT,MOBILE,Cash,Confirmed Trade,---,26011300153372,1300000020575060,0
1/13/2026 10:08,NSE,CIPLAEQ,BUY,2,0,2,1447,0,Reg. Lot,---,6290645,LIMIT,MOBILE,Cash,Confirmed Trade,---,26011300136185,1000000013747450,0
1/13/2026 9:59,NSE,GODFRYPHLPEQ,SELL,5,0,5,2206,0,Reg. Lot,---,6290645,LIMIT,MOBILE,CnC-Intraday,Confirmed Trade,---,26011300114203,1100000017756340,0
5/12/2026 11:36,NSE,TCSEQ,BUY,1,0,1,2290,0,Reg. Lot,---,6290645,LIMIT,MOBILE,Cash,Confirmed Trade,---,26051200246246,1300000046699930,0
3/12/2026 17:22,BSE,SPANDANAEQ,BUY,5,5,0,223,0,Reg. Lot,---,6290645,LIMIT,MOBILE,Cash,Expired Order,,26031200065691,1.77328620001663E+018,0
3/12/2026 9:38,NSE,TMPVEQ,BUY,3,0,3,324,0,Reg. Lot,---,6290645,LIMIT,MOBILE,Cash,Confirmed Trade,---,26031200068136,1300000012544430,0
1/12/2026 14:33,BSE,KEIEQ,BUY,10,0,10,4331.9,0,Reg. Lot,---,6290645,LIMIT,MOBILE,CnC-Intraday,Confirmed Trade,---,26011200408774,1.76820496855894E+018,0
1/12/2026 10:48,BSE,KEIEQ,SELL,10,0,10,4319.8,0,Reg. Lot,---,6290645,LIMIT,MOBILE,CnC-Intraday,Confirmed Trade,---,26011200179741,1.76819373011947E+018,0
2/12/2026 10:06,BSE,TCSEQ,BUY,1,0,1,2800,0,Reg. Lot,---,6290645,LIMIT,MOBILE,Cash,Confirmed Trade,---,26021200127841,1.77086914612768E+018,0
6/11/2026 14:50,NSE,NEULANDLABEQ,BUY,2,0,2,17120,0,Reg. Lot,---,6290645,LIMIT,MOBILE,CnC-Intraday,Confirmed Trade,---,26061100382476,1200000086336810,0
6/11/2026 13:37,BSE,WIPROEQ,BUY,5,0,5,177,0,Reg. Lot,---,6290645,LIMIT,MOBILE,Cash,Confirmed Trade,---,26061100291491,1.78115863403881E+018,0
6/11/2026 12:50,NSE,SPANDANAEQ,BUY,3,0,3,226.6,0,Reg. Lot,---,6290645,LIMIT,MOBILE,Cash,Confirmed Trade,---,26061100276746,1300000062072940,0
6/11/2026 9:35,NSE,NEULANDLABEQ,SELL,2,0,2,16894,0,Reg. Lot,---,6290645,LIMIT,MOBILE,CnC-Intraday,Confirmed Trade,---,26061100075232,1200000010450760,0
3/10/2026 17:28,BSE,SPANDANAEQ,BUY,2,2,0,230,0,Reg. Lot,---,6290645,LIMIT,MOBILE,Cash,Expired Order,,26031000270726,1.77312019610051E+018,0
6/10/2026 9:58,NSE,GOLDBEESEQ,BUY,5,0,5,121.4,0,Reg. Lot,---,6290645,LIMIT,MOBILE,Cash,Confirmed Trade,---,26061000135313,1100000019302100,0
6/9/2026 14:36,NSE,WIPROEQ,BUY,5,0,5,181.4,0,Reg. Lot,---,6290645,LIMIT,MOBILE,Cash,Confirmed Trade,---,26060900365840,1300000079015760,0
1/9/2026 14:57,NSE,NEULANDLABEQ,SELL,2,0,2,14848,0,Reg. Lot,---,6290645,LIMIT,MOBILE,CnC-Intraday,Confirmed Trade,---,26010900371344,1200000079013340,0
1/9/2026 12:47,BSE,GODFRYPHLPEQ,BUY,1,0,1,2084,0,Reg. Lot,---,6290645,LIMIT,MOBILE,Cash,Confirmed Trade,---,26010900271689,1.76794005865176E+018,0
1/9/2026 12:42,BSE,ITCEQ,BUY,2,0,2,336.9,0,Reg. Lot,---,6290645,LIMIT,MOBILE,Cash,Confirmed Trade,---,26010900268178,1.76793970294168E+018,0
1/9/2026 9:49,NSE,NEULANDLABEQ,BUY,2,0,2,14945,0,Reg. Lot,---,6290645,LIMIT,MOBILE,CnC-Intraday,Confirmed Trade,---,26010900085418,1200000014126900,0
2/9/2026 16:34,NSE,SKMEGGPRODEQ,SELL,50,0,0,196,0,Reg. Lot,---,6290645,LIMIT,MOBILE,E-Margin,Expired Order,Exch Cancelled Batch Order,26020900420199,1300000090278620,0
6/8/2026 13:10,BSE,KNRCONEQ,BUY,5,0,5,127.85,0,Reg. Lot,---,6290645,LIMIT,MOBILE,Cash,Confirmed Trade,---,26060800302212,1.78089588450097E+018,0
6/8/2026 11:57,NSE,WIPROEQ,BUY,10,0,10,185,0,Reg. Lot,---,6290645,LIMIT,MOBILE,Cash,Confirmed Trade,---,26060800271159,1300000050873320,0
1/8/2026 15:21,NSE,CIPLAEQ,BUY,2,0,2,1460.6,0,Reg. Lot,---,6290645,LIMIT,MOBILE,Cash,Confirmed Trade,---,26010800442603,1000000064136270,0
1/8/2026 14:40,NSE,POLYCABEQ,BUY,3,0,3,7755,0,Reg. Lot,---,6290645,LIMIT,MOBILE,CnC-Intraday,Confirmed Trade,---,26010800395829,1200000065960610,0
1/8/2026 9:44,NSE,POLYCABEQ,SELL,3,0,3,7900,0,Reg. Lot,---,6290645,LIMIT,MOBILE,CnC-Intraday,Confirmed Trade,---,26010800083810,1200000010314240,0
4/8/2026 12:07,BSE,CIPLAEQ,BUY,2,0,2,1219,0,Reg. Lot,---,6290645,LIMIT,MOBILE,Cash,Confirmed Trade,---,26040800289300,1.77562487330487E+018,0
4/8/2026 11:59,NSE,SPANDANAEQ,BUY,2,0,2,214.9,0,Reg. Lot,---,6290645,LIMIT,MOBILE,Cash,Confirmed Trade,---,26040800286588,1300000050483670,0
1/7/2026 14:15,NSE,NEULANDLABEQ,SELL,1,0,1,15091,0,Reg. Lot,---,6290645,LIMIT,MOBILE,CnC-Intraday,Confirmed Trade,---,26010700337962,1200000055314620,0
1/7/2026 9:50,NSE,NEULANDLABEQ,BUY,1,0,1,14852,0,Reg. Lot,---,6290645,LIMIT,MOBILE,CnC-Intraday,Confirmed Trade,---,26010700088518,1200000011904450,0
1/7/2026 9:34,NSE,SKMEGGPRODEQ,BUY,25,0,25,372.55,0,Reg. Lot,---,6290645,LIMIT,MOBILE,E-Margin,Confirmed Trade,---,26010700062867,1300000008857050,0
3/6/2026 16:32,NSE,SPANDANAEQ,BUY,2,0,0,234,0,Reg. Lot,---,6290645,LIMIT,MOBILE,Cash,Expired Order,Exch Cancelled Batch Order,26030600363914,1300000072871940,0
1/6/2026 12:28,NSE,ITCEQ,BUY,5,0,5,344,0,Reg. Lot,---,6290645,LIMIT,MOBILE,Cash,Confirmed Trade,---,26010600288375,1100000045934130,0
1/6/2026 10:15,BSE,GODFRYPHLPEQ,BUY,1,0,1,2224,0,Reg. Lot,---,6290645,LIMIT,MOBILE,Cash,Confirmed Trade,---,26010600136743,1.76767346659464E+018,0
2/6/2026 14:11,NSE,TCSEQ,BUY,1,0,1,2925,0,Reg. Lot,---,6290645,LIMIT,MOBILE,Cash,Confirmed Trade,---,26020600325958,1300000074123960,0
3/5/2026 17:30,BSE,TCSEQ,BUY,1,1,0,2550,0,Reg. Lot,---,6290645,LIMIT,MOBILE,Cash,Expired Order,,26030500387532,1.77269874763824E+018,0
6/5/2026 11:12,BSE,TCSEQ,BUY,1,0,1,2222,0,Reg. Lot,---,6290645,LIMIT,MOBILE,Cash,Confirmed Trade,---,26060500215890,1.78063672799407E+018,0
1/5/2026 9:16,BSE,CUPIDEQ,SELL,20,0,20,342,0,Reg. Lot,---,6290645,LIMIT,MOBILE,Cash,Confirmed Trade,---,26010500043753,1.76758380000041E+018,0
2/5/2026 17:30,NSE,ITCEQ,BUY,5,0,0,309.5,0,Reg. Lot,---,6290645,LIMIT,MOBILE,Cash,Expired Order,---,26020500359295,1100000078995060,0
2/5/2026 14:14,NSE,GODFRYPHLPEQ,BUY,2,0,2,1974,0,Reg. Lot,---,6290645,LIMIT,MOBILE,Cash,Confirmed Trade,---,26020500357480,1100000078476180,0
2/5/2026 14:09,NSE,TCSEQ,BUY,1,0,1,2990,0,Reg. Lot,---,6290645,LIMIT,MOBILE,Cash,Confirmed Trade,---,26020500352570,1300000084052030,0
2/4/2026 14:51,NSE,BAJFINANCEEQ,SELL,43,0,43,965.3,0,Reg. Lot,---,6290645,LIMIT,MOBILE,E-Margin,Confirmed Trade,---,26020400394962,1000000072591770,0
6/3/2026 13:32,NSE,NEULANDLABEQ,BUY,1,0,1,17080,0,Reg. Lot,---,6290645,LIMIT,MOBILE,CnC-Intraday,Confirmed Trade,---,26060300308638,1200000065990800,0
6/3/2026 9:37,NSE,NEULANDLABEQ,SELL,1,0,1,17212,0,Reg. Lot,---,6290645,LIMIT,MOBILE,CnC-Intraday,Confirmed Trade,---,26060300069372,1200000010773810,0
3/2/2026 15:06,NSE,KEIEQ,SELL,5,0,0,5285,0,Reg. Lot,---,10113,LIMIT,RMS,CnC-Intraday,Cancelled Order,---,26030200087567,1200000013793380,0
3/2/2026 13:21,NSE,PARADEEPEQ,BUY,5,0,5,114.6,0,Reg. Lot,---,6290645,LIMIT,MOBILE,Cash,Confirmed Trade,---,26030200386302,1200000066304400,0
3/2/2026 12:05,NSE,SKMEGGPRODEQ,SELL,30,0,30,164,0,Reg. Lot,---,6290645,LIMIT,MOBILE,E-Margin,Confirmed Trade,---,26030200312780,1300000059183380,0
6/2/2026 12:47,NSE,NEULANDLABEQ,BUY,1,0,1,16826,0,Reg. Lot,---,6290645,LIMIT,MOBILE,CnC-Intraday,Confirmed Trade,---,26060200312041,1200000060821500,0
6/2/2026 9:30,NSE,NEULANDLABEQ,SELL,1,0,1,16875,0,Reg. Lot,---,6290645,LIMIT,MOBILE,CnC-Intraday,Confirmed Trade,---,26060200061812,1200000009163440,0
1/2/2026 9:49,NSE,ITCEQ,BUY,2,0,2,349.15,0,Reg. Lot,---,6290645,LIMIT,MOBILE,Cash,Confirmed Trade,---,26010200085172,1100000013417380,0
2/2/2026 17:50,BSE,SJVNEQ,BUY,20,20,0,68.4,0,Reg. Lot,---,6290645,LIMIT,MOBILE,Cash,Expired Order,,26020200330025,1.77001604183226E+018,0
2/2/2026 16:31,NSE,PARADEEPEQ,BUY,10,0,0,128,0,Reg. Lot,---,6290645,LIMIT,MOBILE,Cash,Expired Order,Exch Cancelled Batch Order,26020200332953,1200000062200820,0
2/2/2026 13:03,NSE,GODFRYPHLPEQ,BUY,2,0,2,1896,0,Reg. Lot,---,6290645,LIMIT,MOBILE,Cash,Confirmed Trade,---,26020200336033,1100000081190720,0
6/1/2026 17:28,BSE,KALYANKJILEQ,BUY,5,5,0,343,0,Reg. Lot,---,6290645,LIMIT,MOBILE,Cash,Expired Order,,26060100434332,1.78030397297881E+018,0
6/1/2026 14:12,BSE,ITCEQ,BUY,5,0,5,281,0,Reg. Lot,---,6290645,LIMIT,MOBILE,Cash,Confirmed Trade,---,26060100355983,1.78029980587647E+018,0
